,nominal time,day/night,npixels with POH > 90%
0,2020-04-20 14:00:00,day,1.0
1,2020-04-24 09:25:00,day,2.0
2,2020-04-24 09:30:00,day,1.0
3,2020-04-24 09:35:00,day,10.0
4,2020-04-24 09:40:00,day,3.0
5,2020-04-24 09:45:00,day,5.0
6,2020-04-24 09:55:00,day,4.0
7,2020-04-24 10:20:00,day,1.0
8,2020-04-24 10:55:00,day,1.0
9,2020-04-24 11:05:00,day,2.0
10,2020-04-24 11:15:00,day,2.0
11,2020-04-25 15:40:00,day,2.0
12,2020-04-25 15:45:00,day,1.0
13,2020-04-25 16:30:00,day,2.0
14,2020-05-05 15:30:00,day,1.0
15,2020-05-05 16:00:00,day,2.0
16,2020-05-05 16:05:00,day,1.0
17,2020-05-05 16:40:00,day,1.0
18,2020-05-05 16:45:00,day,10.0
19,2020-05-05 16:50:00,day,11.0
20,2020-05-05 16:55:00,day,1.0
21,2020-05-05 17:30:00,transition,1.0
22,2020-05-05 17:35:00,transition,14.0
23,2020-05-05 17:40:00,transition,2.0
24,2020-05-09 14:35:00,day,6.0
25,2020-05-09 14:40:00,day,10.0
26,2020-05-09 14:45:00,day,2.0
27,2020-05-09 14:50:00,day,1.0
28,2020-05-09 15:05:00,day,1.0
29,2020-05-09 17:40:00,transition,6.0
30,2020-05-09 17:45:00,transition,15.0
31,2020-05-09 17:50:00,transition,1.0
32,2020-05-09 18:05:00,transition,3.0
33,2020-05-09 18:10:00,transition,14.0
34,2020-05-09 18:15:00,transition,1.0
35,2020-05-09 18:30:00,transition,2.0
36,2020-05-09 20:05:00,night,5.0
37,2020-05-09 20:10:00,night,11.0
38,2020-05-09 20:15:00,night,7.0
39,2020-05-09 20:20:00,night,1.0
40,2020-05-09 20:35:00,night,5.0
41,2020-05-09 20:40:00,night,8.0
42,2020-05-09 20:45:00,night,8.0
43,2020-05-10 14:45:00,day,4.0
44,2020-05-10 14:55:00,day,2.0
45,2020-05-10 15:00:00,day,6.0
46,2020-05-10 15:10:00,day,3.0
47,2020-05-11 12:00:00,day,2.0
48,2020-05-11 12:30:00,day,7.0
49,2020-05-11 12:35:00,day,11.0
50,2020-05-11 12:40:00,day,16.0
51,2020-05-11 12:45:00,day,20.0
52,2020-05-11 13:00:00,day,13.0
53,2020-05-11 13:15:00,day,3.0
54,2020-05-11 13:20:00,day,31.0
55,2020-05-11 13:25:00,day,38.0
56,2020-05-11 13:30:00,day,9.0
57,2020-05-11 13:40:00,day,3.0
58,2020-05-11 13:45:00,day,1.0
59,2020-05-11 13:50:00,day,14.0
60,2020-05-11 13:55:00,day,10.0
61,2020-05-11 14:00:00,day,6.0
62,2020-05-11 14:05:00,day,31.0
63,2020-05-11 14:10:00,day,1.0
64,2020-05-17 16:25:00,day,1.0
65,2020-05-17 17:50:00,transition,1.0
66,2020-05-18 17:10:00,day,1.0
67,2020-05-18 17:15:00,day,6.0
68,2020-05-18 17:20:00,day,13.0
69,2020-05-18 17:25:00,day,7.0
70,2020-05-18 17:40:00,transition,16.0
71,2020-05-18 17:45:00,transition,22.0
72,2020-05-18 17:50:00,transition,24.0
73,2020-05-18 17:55:00,transition,42.0
74,2020-05-18 18:00:00,transition,26.0
75,2020-05-18 18:05:00,transition,29.0
76,2020-05-18 18:10:00,transition,14.0
77,2020-05-18 18:15:00,transition,25.0
78,2020-05-18 18:20:00,transition,13.0
79,2020-05-18 18:25:00,transition,17.0
80,2020-05-18 18:30:00,transition,37.0
81,2020-05-18 18:35:00,transition,24.0
82,2020-05-18 18:40:00,transition,10.0
83,2020-05-18 18:45:00,transition,15.0
84,2020-05-18 18:50:00,transition,20.0
85,2020-05-18 18:55:00,transition,23.0
86,2020-05-18 19:00:00,transition,10.0
87,2020-05-18 19:10:00,transition,1.0
88,2020-05-18 19:45:00,night,3.0
89,2020-05-18 19:50:00,night,17.0
90,2020-05-18 19:55:00,night,45.0
91,2020-05-18 20:00:00,night,35.0
92,2020-05-18 20:05:00,night,16.0
93,2020-05-18 20:10:00,night,2.0
94,2020-05-18 20:15:00,night,1.0
95,2020-05-18 20:20:00,night,1.0
96,2020-05-18 20:25:00,night,8.0
97,2020-05-18 20:30:00,night,4.0
98,2020-05-18 20:40:00,night,12.0
99,2020-05-18 20:45:00,night,32.0
100,2020-05-18 20:50:00,night,37.0
101,2020-05-18 20:55:00,night,44.0
102,2020-05-18 21:00:00,night,47.0
103,2020-05-18 21:05:00,night,51.0
104,2020-05-18 21:10:00,night,40.0
105,2020-05-18 21:15:00,night,28.0
106,2020-05-18 21:20:00,night,1.0
107,2020-05-19 14:45:00,day,3.0
108,2020-05-19 14:50:00,day,16.0
109,2020-05-19 14:55:00,day,6.0
110,2020-05-19 15:10:00,day,1.0
111,2020-05-19 16:40:00,day,3.0
112,2020-05-21 15:05:00,day,11.0
113,2020-05-21 15:15:00,day,6.0
114,2020-05-21 15:20:00,day,4.0
115,2020-05-21 15:25:00,day,12.0
116,2020-05-21 15:50:00,day,6.0
117,2020-05-21 15:55:00,day,4.0
118,2020-05-23 13:25:00,day,1.0
119,2020-06-02 12:40:00,day,1.0
120,2020-06-02 12:45:00,day,3.0
121,2020-06-02 12:50:00,day,2.0
122,2020-06-02 13:15:00,day,10.0
123,2020-06-02 13:20:00,day,19.0
124,2020-06-02 13:25:00,day,6.0
125,2020-06-02 13:30:00,day,1.0
126,2020-06-02 13:40:00,day,2.0
127,2020-06-02 13:45:00,day,23.0
128,2020-06-02 13:50:00,day,70.0
129,2020-06-02 13:55:00,day,80.0
130,2020-06-02 14:00:00,day,105.0
131,2020-06-02 14:05:00,day,120.0
132,2020-06-02 14:10:00,day,52.0
133,2020-06-02 14:15:00,day,50.0
134,2020-06-02 14:20:00,day,55.0
135,2020-06-02 14:25:00,day,29.0
136,2020-06-02 14:30:00,day,37.0
137,2020-06-02 14:35:00,day,25.0
138,2020-06-02 14:40:00,day,45.0
139,2020-06-02 14:45:00,day,49.0
140,2020-06-02 14:50:00,day,79.0
141,2020-06-02 14:55:00,day,100.0
142,2020-06-02 15:00:00,day,112.0
143,2020-06-02 15:05:00,day,73.0
144,2020-06-02 15:10:00,day,103.0
145,2020-06-02 15:15:00,day,126.0
146,2020-06-02 15:20:00,day,160.0
147,2020-06-02 15:25:00,day,205.0
148,2020-06-02 15:30:00,day,167.0
149,2020-06-02 15:35:00,day,151.0
150,2020-06-02 15:40:00,day,146.0
151,2020-06-02 15:45:00,day,212.0
152,2020-06-02 15:50:00,day,281.0
153,2020-06-02 15:55:00,day,296.0
154,2020-06-02 16:00:00,day,271.0
155,2020-06-02 16:05:00,day,229.0
156,2020-06-02 16:10:00,day,188.0
157,2020-06-02 16:15:00,day,170.0
158,2020-06-02 16:20:00,day,128.0
159,2020-06-02 16:25:00,day,85.0
160,2020-06-02 16:30:00,day,106.0
161,2020-06-02 16:35:00,day,138.0
162,2020-06-02 16:40:00,day,146.0
163,2020-06-02 16:45:00,day,156.0
164,2020-06-02 16:50:00,day,169.0
165,2020-06-02 16:55:00,day,183.0
166,2020-06-02 17:00:00,day,106.0
167,2020-06-02 17:05:00,day,156.0
168,2020-06-02 17:10:00,day,190.0
169,2020-06-02 17:15:00,day,226.0
170,2020-06-02 17:20:00,day,225.0
171,2020-06-02 17:25:00,day,166.0
172,2020-06-02 17:30:00,day,87.0
173,2020-06-02 17:35:00,day,69.0
174,2020-06-02 17:40:00,day,64.0
175,2020-06-02 17:45:00,day,51.0
176,2020-06-02 17:50:00,transition,35.0
177,2020-06-02 17:55:00,transition,31.0
178,2020-06-02 18:00:00,transition,2.0
179,2020-06-02 18:05:00,transition,15.0
180,2020-06-02 18:10:00,transition,5.0
181,2020-06-02 18:15:00,transition,6.0
182,2020-06-02 18:20:00,transition,2.0
183,2020-06-02 18:25:00,transition,1.0
184,2020-06-02 18:30:00,transition,9.0
185,2020-06-02 18:35:00,transition,43.0
186,2020-06-02 18:40:00,transition,35.0
187,2020-06-02 18:45:00,transition,7.0
188,2020-06-02 18:50:00,transition,7.0
189,2020-06-02 19:00:00,transition,1.0
190,2020-06-02 19:05:00,transition,25.0
191,2020-06-02 19:10:00,transition,9.0
192,2020-06-02 19:15:00,transition,10.0
193,2020-06-02 19:20:00,transition,18.0
194,2020-06-02 19:25:00,transition,32.0
195,2020-06-02 19:30:00,night,57.0
196,2020-06-02 19:35:00,night,29.0
197,2020-06-02 19:40:00,night,42.0
198,2020-06-02 19:45:00,night,27.0
199,2020-06-02 19:50:00,night,38.0
200,2020-06-02 19:55:00,night,40.0
201,2020-06-02 20:00:00,night,27.0
202,2020-06-02 20:05:00,night,48.0
203,2020-06-02 20:10:00,night,27.0
204,2020-06-02 20:15:00,night,14.0
205,2020-06-02 20:20:00,night,5.0
206,2020-06-03 11:55:00,day,2.0
207,2020-06-03 12:00:00,day,5.0
208,2020-06-03 12:10:00,day,3.0
209,2020-06-03 12:15:00,day,9.0
210,2020-06-03 12:20:00,day,9.0
211,2020-06-03 12:25:00,day,4.0
212,2020-06-03 13:05:00,day,1.0
213,2020-06-03 13:10:00,day,5.0
214,2020-06-03 13:15:00,day,17.0
215,2020-06-03 13:20:00,day,1.0
216,2020-06-03 13:30:00,day,13.0
217,2020-06-03 13:35:00,day,30.0
218,2020-06-03 13:40:00,day,40.0
219,2020-06-03 13:45:00,day,23.0
220,2020-06-03 13:50:00,day,30.0
221,2020-06-03 13:55:00,day,3.0
222,2020-06-03 14:05:00,day,1.0
223,2020-06-03 14:20:00,day,2.0
224,2020-06-03 14:25:00,day,12.0
225,2020-06-03 15:00:00,day,2.0
226,2020-06-03 15:25:00,day,4.0
227,2020-06-03 15:35:00,day,7.0
228,2020-06-03 15:40:00,day,36.0
229,2020-06-03 15:45:00,day,12.0
230,2020-06-03 16:00:00,day,7.0
231,2020-06-03 16:05:00,day,7.0
232,2020-06-03 16:20:00,day,5.0
233,2020-06-03 16:25:00,day,1.0
234,2020-06-03 16:30:00,day,10.0
235,2020-06-03 16:35:00,day,8.0
236,2020-06-03 16:45:00,day,1.0
237,2020-06-03 17:25:00,day,9.0
238,2020-06-03 17:35:00,day,1.0
239,2020-06-03 17:45:00,day,1.0
240,2020-06-03 17:50:00,transition,2.0
241,2020-06-06 17:30:00,day,1.0
242,2020-06-06 17:40:00,day,8.0
243,2020-06-06 18:15:00,transition,5.0
244,2020-06-06 18:20:00,transition,1.0
245,2020-06-06 18:25:00,transition,5.0
246,2020-06-06 18:30:00,transition,2.0
247,2020-06-06 18:35:00,transition,5.0
248,2020-06-06 18:40:00,transition,2.0
249,2020-06-06 20:10:00,night,6.0
250,2020-06-06 20:15:00,night,6.0
251,2020-06-06 20:20:00,night,4.0
252,2020-06-06 20:25:00,night,4.0
253,2020-06-07 15:50:00,day,2.0
254,2020-06-07 16:05:00,day,1.0
255,2020-06-09 13:30:00,day,5.0
256,2020-06-09 15:05:00,day,6.0
257,2020-06-09 15:20:00,day,6.0
258,2020-06-09 15:25:00,day,21.0
259,2020-06-09 15:30:00,day,3.0
260,2020-06-09 17:20:00,day,3.0
261,2020-06-11 15:30:00,day,2.0
262,2020-06-11 16:55:00,day,3.0
263,2020-06-11 17:10:00,day,6.0
264,2020-06-11 17:15:00,day,11.0
265,2020-06-11 17:20:00,day,6.0
266,2020-06-11 17:25:00,day,7.0
267,2020-06-12 13:25:00,day,6.0
268,2020-06-12 13:30:00,day,7.0
269,2020-06-12 13:40:00,day,4.0
270,2020-06-12 13:45:00,day,25.0
271,2020-06-12 13:50:00,day,21.0
272,2020-06-12 13:55:00,day,1.0
273,2020-06-12 14:00:00,day,39.0
274,2020-06-12 14:05:00,day,63.0
275,2020-06-12 14:10:00,day,20.0
276,2020-06-12 14:20:00,day,4.0
277,2020-06-12 14:25:00,day,1.0
278,2020-06-12 14:30:00,day,2.0
279,2020-06-12 17:40:00,day,15.0
280,2020-06-12 17:45:00,day,19.0
281,2020-06-12 17:50:00,day,1.0
282,2020-06-12 18:00:00,transition,4.0
283,2020-06-12 18:05:00,transition,40.0
284,2020-06-12 18:10:00,transition,74.0
285,2020-06-12 18:15:00,transition,47.0
286,2020-06-12 18:20:00,transition,67.0
287,2020-06-12 18:25:00,transition,86.0
288,2020-06-12 18:30:00,transition,73.0
289,2020-06-12 18:35:00,transition,72.0
290,2020-06-12 18:40:00,transition,68.0
291,2020-06-12 18:45:00,transition,55.0
292,2020-06-12 18:50:00,transition,33.0
293,2020-06-12 18:55:00,transition,42.0
294,2020-06-12 19:00:00,transition,46.0
295,2020-06-12 19:05:00,transition,28.0
296,2020-06-12 19:10:00,transition,20.0
297,2020-06-12 19:15:00,transition,8.0
298,2020-06-12 19:20:00,transition,3.0
299,2020-06-12 19:25:00,transition,9.0
300,2020-06-12 19:30:00,transition,8.0
301,2020-06-12 19:35:00,transition,18.0
302,2020-06-12 19:40:00,night,11.0
303,2020-06-12 19:45:00,night,10.0
304,2020-06-12 19:55:00,night,8.0
305,2020-06-12 20:00:00,night,1.0
306,2020-06-13 11:00:00,day,2.0
307,2020-06-13 11:10:00,day,1.0
308,2020-06-13 11:25:00,day,1.0
309,2020-06-13 11:30:00,day,13.0
310,2020-06-13 11:35:00,day,23.0
311,2020-06-13 11:40:00,day,31.0
312,2020-06-13 11:45:00,day,13.0
313,2020-06-13 11:50:00,day,7.0
314,2020-06-13 11:55:00,day,11.0
315,2020-06-13 12:00:00,day,4.0
316,2020-06-13 12:05:00,day,2.0
317,2020-06-13 12:10:00,day,2.0
318,2020-06-13 17:15:00,day,11.0
319,2020-06-13 17:20:00,day,21.0
320,2020-06-13 17:25:00,day,10.0
321,2020-06-13 17:30:00,day,9.0
322,2020-06-13 17:35:00,day,11.0
323,2020-06-13 18:15:00,transition,1.0
324,2020-06-13 18:20:00,transition,2.0
325,2020-06-13 18:25:00,transition,19.0
326,2020-06-13 18:30:00,transition,6.0
327,2020-06-13 18:40:00,transition,14.0
328,2020-06-13 18:45:00,transition,23.0
329,2020-06-13 18:50:00,transition,14.0
330,2020-06-13 20:05:00,night,2.0
331,2020-06-13 20:10:00,night,1.0
332,2020-06-14 17:45:00,day,8.0
333,2020-06-14 17:50:00,day,19.0
334,2020-06-14 17:55:00,day,7.0
335,2020-06-14 18:00:00,transition,6.0
336,2020-06-14 18:05:00,transition,3.0
337,2020-06-14 18:10:00,transition,2.0
338,2020-06-15 14:30:00,day,1.0
339,2020-06-15 14:35:00,day,10.0
340,2020-06-15 14:40:00,day,12.0
341,2020-06-15 14:45:00,day,13.0
342,2020-06-15 14:50:00,day,18.0
343,2020-06-15 14:55:00,day,25.0
344,2020-06-15 15:00:00,day,17.0
345,2020-06-15 15:05:00,day,38.0
346,2020-06-15 15:10:00,day,34.0
347,2020-06-15 15:15:00,day,19.0
348,2020-06-15 15:20:00,day,16.0
349,2020-06-15 15:25:00,day,13.0
350,2020-06-15 15:30:00,day,14.0
351,2020-06-15 15:35:00,day,26.0
352,2020-06-15 15:40:00,day,15.0
353,2020-06-15 15:45:00,day,11.0
354,2020-06-15 15:50:00,day,28.0
355,2020-06-15 15:55:00,day,14.0
356,2020-06-15 16:00:00,day,22.0
357,2020-06-15 16:05:00,day,35.0
358,2020-06-15 16:10:00,day,55.0
359,2020-06-15 16:15:00,day,63.0
360,2020-06-15 16:20:00,day,40.0
361,2020-06-15 16:25:00,day,31.0
362,2020-06-15 16:30:00,day,56.0
363,2020-06-15 16:35:00,day,48.0
364,2020-06-15 16:40:00,day,49.0
365,2020-06-15 16:45:00,day,38.0
366,2020-06-15 16:50:00,day,26.0
367,2020-06-15 16:55:00,day,21.0
368,2020-06-15 17:00:00,day,6.0
369,2020-06-15 17:05:00,day,3.0
370,2020-06-15 18:00:00,transition,1.0
371,2020-06-15 19:05:00,transition,1.0
372,2020-06-15 19:45:00,night,3.0
373,2020-06-15 19:50:00,night,12.0
374,2020-06-15 19:55:00,night,13.0
375,2020-06-15 20:00:00,night,5.0
376,2020-06-15 21:55:00,night,4.0
377,2020-06-16 13:45:00,day,4.0
378,2020-06-16 13:50:00,day,1.0
379,2020-06-16 14:10:00,day,7.0
380,2020-06-16 14:15:00,day,3.0
381,2020-06-16 14:50:00,day,2.0
382,2020-06-16 14:55:00,day,2.0
383,2020-06-16 16:20:00,day,40.0
384,2020-06-16 16:25:00,day,52.0
385,2020-06-16 16:30:00,day,79.0
386,2020-06-16 16:35:00,day,84.0
387,2020-06-16 16:40:00,day,66.0
388,2020-06-16 16:45:00,day,59.0
389,2020-06-16 16:50:00,day,31.0
390,2020-06-16 16:55:00,day,8.0
391,2020-06-16 17:00:00,day,1.0
392,2020-06-16 17:15:00,day,2.0
393,2020-06-16 17:20:00,day,1.0
394,2020-06-16 17:25:00,day,10.0
395,2020-06-16 17:30:00,day,8.0
396,2020-06-16 21:25:00,night,1.0
397,2020-06-18 15:40:00,day,12.0
398,2020-06-18 15:45:00,day,12.0
399,2020-06-18 15:50:00,day,35.0
400,2020-06-18 15:55:00,day,31.0
401,2020-06-18 16:00:00,day,37.0
402,2020-06-18 16:05:00,day,15.0
403,2020-06-18 17:30:00,day,6.0
404,2020-06-18 19:35:00,transition,6.0
405,2020-06-18 19:40:00,night,16.0
406,2020-06-18 19:45:00,night,8.0
407,2020-06-19 11:50:00,day,3.0
408,2020-06-19 12:10:00,day,1.0
409,2020-06-19 12:30:00,day,13.0
410,2020-06-19 12:35:00,day,17.0
411,2020-06-19 12:40:00,day,53.0
412,2020-06-19 12:45:00,day,69.0
413,2020-06-19 12:50:00,day,71.0
414,2020-06-19 12:55:00,day,43.0
415,2020-06-19 13:00:00,day,32.0
416,2020-06-19 13:05:00,day,10.0
417,2020-06-19 13:10:00,day,44.0
418,2020-06-19 13:15:00,day,21.0
419,2020-06-19 13:20:00,day,43.0
420,2020-06-19 13:25:00,day,41.0
421,2020-06-19 13:30:00,day,14.0
422,2020-06-19 13:35:00,day,11.0
423,2020-06-19 13:40:00,day,10.0
424,2020-06-19 13:45:00,day,4.0
425,2020-06-19 13:50:00,day,21.0
426,2020-06-19 13:55:00,day,12.0
427,2020-06-19 14:00:00,day,9.0
428,2020-06-19 14:05:00,day,11.0
429,2020-06-19 14:10:00,day,22.0
430,2020-06-19 14:15:00,day,25.0
431,2020-06-19 14:20:00,day,10.0
432,2020-06-19 14:25:00,day,24.0
433,2020-06-19 14:30:00,day,25.0
434,2020-06-19 14:35:00,day,17.0
435,2020-06-19 14:40:00,day,18.0
436,2020-06-19 14:45:00,day,12.0
437,2020-06-19 14:50:00,day,3.0
438,2020-06-24 16:05:00,day,1.0
439,2020-06-24 16:25:00,day,3.0
440,2020-06-24 16:30:00,day,5.0
441,2020-06-24 16:35:00,day,10.0
442,2020-06-24 16:40:00,day,40.0
443,2020-06-24 16:45:00,day,31.0
444,2020-06-24 16:50:00,day,45.0
445,2020-06-24 16:55:00,day,24.0
446,2020-06-24 17:00:00,day,9.0
447,2020-06-24 17:05:00,day,2.0
448,2020-06-24 17:30:00,day,2.0
449,2020-06-24 17:35:00,day,18.0
450,2020-06-24 17:40:00,day,7.0
451,2020-06-24 17:45:00,day,21.0
452,2020-06-24 17:50:00,day,34.0
453,2020-06-24 17:55:00,day,24.0
454,2020-06-24 18:00:00,transition,32.0
455,2020-06-24 18:05:00,transition,57.0
456,2020-06-24 18:10:00,transition,59.0
457,2020-06-24 18:15:00,transition,48.0
458,2020-06-24 18:20:00,transition,5.0
459,2020-06-24 18:25:00,transition,37.0
460,2020-06-24 18:30:00,transition,51.0
461,2020-06-24 18:35:00,transition,68.0
462,2020-06-24 18:40:00,transition,84.0
463,2020-06-24 18:45:00,transition,97.0
464,2020-06-24 18:50:00,transition,80.0
465,2020-06-24 18:55:00,transition,71.0
466,2020-06-24 19:00:00,transition,45.0
467,2020-06-24 19:05:00,transition,18.0
468,2020-06-24 19:55:00,night,2.0
469,2020-06-25 22:10:00,night,5.0
470,2020-06-25 22:50:00,night,9.0
471,2020-06-25 22:55:00,night,38.0
472,2020-06-25 23:00:00,night,25.0
473,2020-06-25 23:05:00,night,6.0
474,2020-06-25 23:10:00,night,12.0
475,2020-06-25 23:15:00,night,3.0
476,2020-06-25 23:20:00,night,7.0
477,2020-06-25 23:30:00,night,4.0
478,2020-06-25 23:35:00,night,26.0
479,2020-06-25 23:40:00,night,2.0
480,2020-06-26 00:20:00,night,11.0
481,2020-06-26 00:25:00,night,22.0
482,2020-06-26 00:30:00,night,8.0
483,2020-06-26 00:35:00,night,29.0
484,2020-06-26 00:40:00,night,19.0
485,2020-06-26 00:45:00,night,7.0
486,2020-06-26 02:50:00,night,7.0
487,2020-06-26 02:55:00,night,14.0
488,2020-06-26 03:00:00,night,11.0
489,2020-06-26 03:05:00,night,23.0
490,2020-06-26 03:10:00,night,16.0
491,2020-06-26 03:15:00,night,11.0
492,2020-06-26 03:20:00,night,3.0
493,2020-06-26 03:30:00,night,1.0
494,2020-06-26 03:45:00,transition,1.0
495,2020-06-26 03:55:00,transition,3.0
496,2020-06-26 04:00:00,transition,15.0
497,2020-06-26 04:05:00,transition,13.0
498,2020-06-26 04:10:00,transition,11.0
499,2020-06-26 04:35:00,transition,7.0
500,2020-06-26 04:40:00,transition,8.0
501,2020-06-26 04:45:00,transition,6.0
502,2020-06-26 04:50:00,transition,6.0
503,2020-06-26 04:55:00,transition,10.0
504,2020-06-26 05:00:00,transition,5.0
505,2020-06-26 05:05:00,day,11.0
506,2020-06-26 05:10:00,day,3.0
507,2020-06-26 05:15:00,day,12.0
508,2020-06-26 05:20:00,day,16.0
509,2020-06-26 05:35:00,day,2.0
510,2020-06-26 05:40:00,day,5.0
511,2020-06-26 05:55:00,day,7.0
512,2020-06-26 06:10:00,day,8.0
513,2020-06-26 06:15:00,day,15.0
514,2020-06-26 06:20:00,day,12.0
515,2020-06-26 06:25:00,day,3.0
516,2020-06-26 07:00:00,day,2.0
517,2020-06-26 07:10:00,day,9.0
518,2020-06-26 07:15:00,day,9.0
519,2020-06-26 08:20:00,day,8.0
520,2020-06-26 08:25:00,day,19.0
521,2020-06-26 08:30:00,day,11.0
522,2020-06-26 10:20:00,day,14.0
523,2020-06-26 10:25:00,day,21.0
524,2020-06-26 10:30:00,day,10.0
525,2020-06-26 10:55:00,day,1.0
526,2020-06-26 11:00:00,day,1.0
527,2020-06-26 11:05:00,day,5.0
528,2020-06-26 11:10:00,day,14.0
529,2020-06-26 11:15:00,day,21.0
530,2020-06-26 11:20:00,day,36.0
531,2020-06-26 11:25:00,day,29.0
532,2020-06-26 11:30:00,day,19.0
533,2020-06-26 11:35:00,day,30.0
534,2020-06-26 11:40:00,day,15.0
535,2020-06-26 11:45:00,day,5.0
536,2020-06-26 12:00:00,day,7.0
537,2020-06-26 12:05:00,day,38.0
538,2020-06-26 12:10:00,day,57.0
539,2020-06-26 12:15:00,day,25.0
540,2020-06-26 12:20:00,day,6.0
541,2020-06-26 12:25:00,day,3.0
542,2020-06-26 12:30:00,day,19.0
543,2020-06-26 12:35:00,day,19.0
544,2020-06-26 12:40:00,day,39.0
545,2020-06-26 12:45:00,day,50.0
546,2020-06-26 12:50:00,day,57.0
547,2020-06-26 12:55:00,day,26.0
548,2020-06-26 13:00:00,day,48.0
549,2020-06-26 13:05:00,day,46.0
550,2020-06-26 13:10:00,day,59.0
551,2020-06-26 13:15:00,day,52.0
552,2020-06-26 13:20:00,day,37.0
553,2020-06-26 13:25:00,day,21.0
554,2020-06-26 13:30:00,day,50.0
555,2020-06-26 13:35:00,day,60.0
556,2020-06-26 13:40:00,day,34.0
557,2020-06-26 13:45:00,day,67.0
558,2020-06-26 13:50:00,day,105.0
559,2020-06-26 13:55:00,day,92.0
560,2020-06-26 14:00:00,day,148.0
561,2020-06-26 14:05:00,day,142.0
562,2020-06-26 14:10:00,day,68.0
563,2020-06-26 14:15:00,day,46.0
564,2020-06-26 14:20:00,day,24.0
565,2020-06-26 14:35:00,day,1.0
566,2020-06-26 14:40:00,day,13.0
567,2020-06-26 14:55:00,day,8.0
568,2020-06-26 15:00:00,day,9.0
569,2020-06-26 15:05:00,day,45.0
570,2020-06-26 15:10:00,day,19.0
571,2020-06-26 15:20:00,day,5.0
572,2020-06-26 15:25:00,day,6.0
573,2020-06-26 15:30:00,day,17.0
574,2020-06-26 15:35:00,day,38.0
575,2020-06-26 15:40:00,day,52.0
576,2020-06-26 15:45:00,day,71.0
577,2020-06-26 15:50:00,day,73.0
578,2020-06-26 15:55:00,day,71.0
579,2020-06-26 16:00:00,day,72.0
580,2020-06-26 16:05:00,day,60.0
581,2020-06-26 16:10:00,day,51.0
582,2020-06-26 16:15:00,day,38.0
583,2020-06-26 16:20:00,day,25.0
584,2020-06-26 16:25:00,day,26.0
585,2020-06-26 16:30:00,day,29.0
586,2020-06-26 16:35:00,day,37.0
587,2020-06-26 16:40:00,day,11.0
588,2020-06-26 16:45:00,day,4.0
589,2020-06-26 16:50:00,day,10.0
590,2020-06-26 16:55:00,day,22.0
591,2020-06-26 17:00:00,day,24.0
592,2020-06-26 17:05:00,day,27.0
593,2020-06-26 17:10:00,day,13.0
594,2020-06-26 17:15:00,day,21.0
595,2020-06-26 17:20:00,day,5.0
596,2020-06-26 17:25:00,day,23.0
597,2020-06-26 17:30:00,day,7.0
598,2020-06-26 17:35:00,day,3.0
599,2020-06-26 17:45:00,day,3.0
600,2020-06-26 17:50:00,day,1.0
601,2020-06-26 18:10:00,transition,2.0
602,2020-06-26 18:35:00,transition,4.0
603,2020-06-26 18:40:00,transition,6.0
604,2020-06-26 18:45:00,transition,11.0
605,2020-06-26 18:50:00,transition,5.0
606,2020-06-26 18:55:00,transition,2.0
607,2020-06-27 00:00:00,night,2.0
608,2020-06-27 00:05:00,night,2.0
609,2020-06-27 02:20:00,night,1.0
610,2020-06-27 13:05:00,day,3.0
611,2020-06-27 13:10:00,day,2.0
612,2020-06-27 13:15:00,day,12.0
613,2020-06-27 13:20:00,day,4.0
614,2020-06-27 13:25:00,day,6.0
615,2020-06-27 13:30:00,day,8.0
616,2020-06-27 13:55:00,day,1.0
617,2020-06-27 14:20:00,day,1.0
618,2020-06-27 15:00:00,day,21.0
619,2020-06-27 15:05:00,day,1.0
620,2020-06-27 15:10:00,day,1.0
621,2020-06-27 15:15:00,day,1.0
622,2020-06-27 15:25:00,day,2.0
623,2020-06-27 16:05:00,day,1.0
624,2020-06-27 17:00:00,day,3.0
625,2020-06-27 17:30:00,day,1.0
626,2020-06-27 17:40:00,day,1.0
627,2020-06-27 18:30:00,transition,2.0
628,2020-06-27 18:35:00,transition,14.0
629,2020-06-27 18:40:00,transition,10.0
630,2020-07-01 04:45:00,transition,2.0
631,2020-07-01 04:50:00,transition,3.0
632,2020-07-01 04:55:00,transition,8.0
633,2020-07-01 05:00:00,transition,8.0
634,2020-07-01 05:05:00,day,10.0
635,2020-07-01 05:10:00,day,16.0
636,2020-07-01 05:15:00,day,10.0
637,2020-07-01 05:20:00,day,4.0
638,2020-07-01 05:25:00,day,1.0
639,2020-07-01 05:35:00,day,2.0
640,2020-07-01 05:40:00,day,8.0
641,2020-07-01 05:45:00,day,3.0
642,2020-07-01 09:15:00,day,1.0
643,2020-07-01 09:20:00,day,13.0
644,2020-07-01 09:25:00,day,32.0
645,2020-07-01 09:30:00,day,47.0
646,2020-07-01 09:35:00,day,68.0
647,2020-07-01 09:40:00,day,66.0
648,2020-07-01 09:45:00,day,70.0
649,2020-07-01 09:50:00,day,49.0
650,2020-07-01 09:55:00,day,19.0
651,2020-07-01 10:00:00,day,2.0
652,2020-07-01 10:05:00,day,18.0
653,2020-07-01 10:10:00,day,19.0
654,2020-07-01 10:15:00,day,34.0
655,2020-07-01 10:20:00,day,29.0
656,2020-07-01 10:25:00,day,27.0
657,2020-07-01 10:30:00,day,14.0
658,2020-07-01 10:35:00,day,5.0
659,2020-07-01 10:40:00,day,3.0
660,2020-07-01 10:45:00,day,6.0
661,2020-07-01 12:35:00,day,9.0
662,2020-07-01 13:10:00,day,4.0
663,2020-07-01 13:15:00,day,5.0
664,2020-07-01 13:20:00,day,1.0
665,2020-07-01 13:25:00,day,2.0
666,2020-07-01 13:30:00,day,6.0
667,2020-07-01 13:45:00,day,1.0
668,2020-07-01 13:50:00,day,3.0
669,2020-07-01 13:55:00,day,10.0
670,2020-07-01 14:00:00,day,53.0
671,2020-07-01 14:05:00,day,67.0
672,2020-07-01 14:10:00,day,96.0
673,2020-07-01 14:15:00,day,66.0
674,2020-07-01 14:20:00,day,10.0
675,2020-07-01 14:25:00,day,30.0
676,2020-07-01 14:30:00,day,44.0
677,2020-07-01 14:35:00,day,56.0
678,2020-07-01 14:40:00,day,46.0
679,2020-07-01 14:45:00,day,18.0
680,2020-07-01 14:50:00,day,16.0
681,2020-07-01 14:55:00,day,29.0
682,2020-07-01 15:00:00,day,54.0
683,2020-07-01 15:05:00,day,57.0
684,2020-07-01 15:10:00,day,111.0
685,2020-07-01 15:15:00,day,137.0
686,2020-07-01 15:20:00,day,94.0
687,2020-07-01 15:25:00,day,54.0
688,2020-07-01 15:30:00,day,31.0
689,2020-07-01 15:35:00,day,69.0
690,2020-07-01 15:40:00,day,116.0
691,2020-07-01 15:45:00,day,136.0
692,2020-07-01 15:50:00,day,111.0
693,2020-07-01 15:55:00,day,63.0
694,2020-07-01 16:00:00,day,15.0
695,2020-07-01 16:05:00,day,2.0
696,2020-07-01 16:10:00,day,11.0
697,2020-07-01 16:15:00,day,13.0
698,2020-07-01 16:20:00,day,19.0
699,2020-07-01 16:25:00,day,22.0
700,2020-07-01 16:30:00,day,16.0
701,2020-07-01 16:35:00,day,18.0
702,2020-07-01 16:40:00,day,26.0
703,2020-07-01 16:45:00,day,32.0
704,2020-07-01 16:50:00,day,12.0
705,2020-07-01 16:55:00,day,5.0
706,2020-07-01 17:00:00,day,28.0
707,2020-07-01 17:05:00,day,31.0
708,2020-07-01 17:10:00,day,22.0
709,2020-07-01 17:15:00,day,13.0
710,2020-07-01 17:20:00,day,4.0
711,2020-07-01 17:25:00,day,2.0
712,2020-07-01 17:30:00,day,12.0
713,2020-07-01 17:35:00,day,6.0
714,2020-07-01 17:40:00,day,1.0
715,2020-07-01 17:45:00,day,4.0
716,2020-07-01 17:50:00,day,1.0
717,2020-07-01 17:55:00,day,1.0
718,2020-07-01 18:00:00,transition,7.0
719,2020-07-01 18:05:00,transition,48.0
720,2020-07-01 18:10:00,transition,58.0
721,2020-07-01 18:15:00,transition,29.0
722,2020-07-01 18:20:00,transition,22.0
723,2020-07-01 18:25:00,transition,11.0
724,2020-07-01 18:30:00,transition,14.0
725,2020-07-01 18:35:00,transition,11.0
726,2020-07-01 18:40:00,transition,52.0
727,2020-07-01 18:45:00,transition,57.0
728,2020-07-01 18:50:00,transition,44.0
729,2020-07-01 18:55:00,transition,47.0
730,2020-07-01 19:00:00,transition,45.0
731,2020-07-01 19:05:00,transition,34.0
732,2020-07-01 19:10:00,transition,31.0
733,2020-07-01 19:15:00,transition,42.0
734,2020-07-01 19:20:00,transition,61.0
735,2020-07-01 19:25:00,transition,62.0
736,2020-07-01 19:30:00,transition,57.0
737,2020-07-01 19:35:00,transition,11.0
738,2020-07-01 19:40:00,night,7.0
739,2020-07-01 19:45:00,night,1.0
740,2020-07-01 19:55:00,night,7.0
741,2020-07-01 20:00:00,night,29.0
742,2020-07-01 20:05:00,night,21.0
743,2020-07-01 20:10:00,night,13.0
744,2020-07-01 20:15:00,night,4.0
745,2020-07-01 20:25:00,night,5.0
746,2020-07-02 00:40:00,night,1.0
747,2020-07-02 00:55:00,night,1.0
748,2020-07-02 01:50:00,night,2.0
749,2020-07-02 01:55:00,night,5.0
750,2020-07-02 02:00:00,night,1.0
751,2020-07-02 02:10:00,night,7.0
752,2020-07-02 02:15:00,night,3.0
753,2020-07-02 04:00:00,transition,1.0
754,2020-07-02 13:25:00,day,1.0
755,2020-07-02 13:50:00,day,4.0
756,2020-07-02 13:55:00,day,7.0
757,2020-07-02 14:00:00,day,17.0
758,2020-07-02 14:05:00,day,1.0
759,2020-07-02 14:15:00,day,7.0
760,2020-07-02 14:30:00,day,3.0
761,2020-07-02 14:35:00,day,7.0
762,2020-07-02 14:40:00,day,8.0
763,2020-07-02 14:45:00,day,16.0
764,2020-07-02 14:50:00,day,18.0
765,2020-07-02 15:35:00,day,1.0
766,2020-07-02 15:40:00,day,4.0
767,2020-07-02 15:45:00,day,8.0
768,2020-07-02 15:50:00,day,11.0
769,2020-07-02 15:55:00,day,2.0
770,2020-07-02 16:00:00,day,14.0
771,2020-07-02 16:10:00,day,4.0
772,2020-07-02 16:15:00,day,2.0
773,2020-07-02 17:15:00,day,6.0
774,2020-07-02 17:20:00,day,10.0
775,2020-07-02 17:25:00,day,22.0
776,2020-07-02 17:30:00,day,22.0
777,2020-07-02 17:35:00,day,24.0
778,2020-07-02 17:40:00,day,28.0
779,2020-07-02 17:45:00,day,51.0
780,2020-07-02 17:50:00,day,11.0
781,2020-07-02 17:55:00,day,1.0
782,2020-07-02 18:00:00,transition,29.0
783,2020-07-02 18:05:00,transition,67.0
784,2020-07-02 18:10:00,transition,76.0
785,2020-07-02 18:15:00,transition,80.0
786,2020-07-02 18:20:00,transition,65.0
787,2020-07-02 18:25:00,transition,43.0
788,2020-07-02 18:30:00,transition,32.0
789,2020-07-02 18:35:00,transition,42.0
790,2020-07-02 18:40:00,transition,80.0
791,2020-07-02 18:45:00,transition,70.0
792,2020-07-02 18:50:00,transition,78.0
793,2020-07-02 18:55:00,transition,84.0
794,2020-07-02 19:00:00,transition,29.0
795,2020-07-02 19:05:00,transition,35.0
796,2020-07-02 19:10:00,transition,38.0
797,2020-07-02 19:15:00,transition,53.0
798,2020-07-02 19:20:00,transition,35.0
799,2020-07-02 19:25:00,transition,31.0
800,2020-07-02 19:30:00,transition,29.0
801,2020-07-02 19:35:00,transition,68.0
802,2020-07-02 19:40:00,night,66.0
803,2020-07-02 19:45:00,night,45.0
804,2020-07-02 19:50:00,night,29.0
805,2020-07-02 19:55:00,night,31.0
806,2020-07-02 20:00:00,night,61.0
807,2020-07-02 20:05:00,night,133.0
808,2020-07-02 20:10:00,night,134.0
809,2020-07-02 20:15:00,night,154.0
810,2020-07-02 20:20:00,night,125.0
811,2020-07-02 20:25:00,night,81.0
812,2020-07-02 20:30:00,night,18.0
813,2020-07-02 20:35:00,night,53.0
814,2020-07-02 20:40:00,night,22.0
815,2020-07-02 20:45:00,night,14.0
816,2020-07-02 21:10:00,night,5.0
817,2020-07-02 21:15:00,night,6.0
818,2020-07-02 21:25:00,night,1.0
819,2020-07-03 11:00:00,day,1.0
820,2020-07-03 11:20:00,day,3.0
821,2020-07-03 12:25:00,day,5.0
822,2020-07-03 12:35:00,day,13.0
823,2020-07-03 12:40:00,day,10.0
824,2020-07-03 12:45:00,day,10.0
825,2020-07-03 12:50:00,day,8.0
826,2020-07-03 12:55:00,day,6.0
827,2020-07-03 13:00:00,day,5.0
828,2020-07-03 13:05:00,day,1.0
829,2020-07-03 13:10:00,day,9.0
830,2020-07-03 13:20:00,day,27.0
831,2020-07-03 13:25:00,day,19.0
832,2020-07-03 13:30:00,day,64.0
833,2020-07-03 13:35:00,day,98.0
834,2020-07-03 13:40:00,day,152.0
835,2020-07-03 13:45:00,day,136.0
836,2020-07-03 13:50:00,day,99.0
837,2020-07-03 13:55:00,day,82.0
838,2020-07-03 14:00:00,day,107.0
839,2020-07-03 14:05:00,day,133.0
840,2020-07-03 14:10:00,day,188.0
841,2020-07-03 14:15:00,day,229.0
842,2020-07-03 14:20:00,day,176.0
843,2020-07-03 14:25:00,day,209.0
844,2020-07-03 14:30:00,day,218.0
845,2020-07-03 14:35:00,day,184.0
846,2020-07-03 14:40:00,day,150.0
847,2020-07-03 14:45:00,day,104.0
848,2020-07-03 14:50:00,day,123.0
849,2020-07-03 14:55:00,day,52.0
850,2020-07-03 15:00:00,day,67.0
851,2020-07-03 15:05:00,day,64.0
852,2020-07-03 15:10:00,day,29.0
853,2020-07-03 15:15:00,day,72.0
854,2020-07-03 15:20:00,day,126.0
855,2020-07-03 15:25:00,day,133.0
856,2020-07-03 15:30:00,day,58.0
857,2020-07-03 15:35:00,day,33.0
858,2020-07-03 15:40:00,day,119.0
859,2020-07-03 15:45:00,day,150.0
860,2020-07-03 15:50:00,day,215.0
861,2020-07-03 15:55:00,day,243.0
862,2020-07-03 16:00:00,day,237.0
863,2020-07-03 16:05:00,day,206.0
864,2020-07-03 16:10:00,day,108.0
865,2020-07-03 16:15:00,day,109.0
866,2020-07-03 16:20:00,day,73.0
867,2020-07-03 16:25:00,day,84.0
868,2020-07-03 16:30:00,day,65.0
869,2020-07-03 16:35:00,day,9.0
870,2020-07-03 16:40:00,day,2.0
871,2020-07-03 16:50:00,day,3.0
872,2020-07-10 13:15:00,day,5.0
873,2020-07-10 13:20:00,day,14.0
874,2020-07-10 13:25:00,day,1.0
875,2020-07-10 13:30:00,day,21.0
876,2020-07-10 13:35:00,day,63.0
877,2020-07-10 13:40:00,day,52.0
878,2020-07-10 13:45:00,day,16.0
879,2020-07-10 13:50:00,day,1.0
880,2020-07-10 13:55:00,day,9.0
881,2020-07-10 14:00:00,day,12.0
882,2020-07-10 14:05:00,day,27.0
883,2020-07-10 14:10:00,day,54.0
884,2020-07-10 14:15:00,day,69.0
885,2020-07-10 14:20:00,day,96.0
886,2020-07-10 14:25:00,day,127.0
887,2020-07-10 14:30:00,day,126.0
888,2020-07-10 14:35:00,day,141.0
889,2020-07-10 14:40:00,day,102.0
890,2020-07-10 14:45:00,day,67.0
891,2020-07-10 14:50:00,day,74.0
892,2020-07-10 14:55:00,day,84.0
893,2020-07-10 15:00:00,day,56.0
894,2020-07-10 15:05:00,day,20.0
895,2020-07-10 15:10:00,day,19.0
896,2020-07-10 15:15:00,day,9.0
897,2020-07-10 15:30:00,day,12.0
898,2020-07-10 15:35:00,day,6.0
899,2020-07-10 15:45:00,day,2.0
900,2020-07-10 15:50:00,day,3.0
901,2020-07-10 15:55:00,day,25.0
902,2020-07-10 16:00:00,day,36.0
903,2020-07-10 16:05:00,day,37.0
904,2020-07-10 16:10:00,day,33.0
905,2020-07-10 16:15:00,day,39.0
906,2020-07-10 16:20:00,day,31.0
907,2020-07-10 16:25:00,day,14.0
908,2020-07-10 16:30:00,day,14.0
909,2020-07-10 16:35:00,day,10.0
910,2020-07-10 16:40:00,day,8.0
911,2020-07-10 16:45:00,day,2.0
912,2020-07-10 17:10:00,day,12.0
913,2020-07-10 17:15:00,day,7.0
914,2020-07-10 17:20:00,day,3.0
915,2020-07-10 17:25:00,day,1.0
916,2020-07-10 17:30:00,day,30.0
917,2020-07-10 17:35:00,day,71.0
918,2020-07-10 17:40:00,day,63.0
919,2020-07-10 17:45:00,day,49.0
920,2020-07-10 17:50:00,day,48.0
921,2020-07-10 17:55:00,day,59.0
922,2020-07-10 18:00:00,transition,64.0
923,2020-07-10 18:05:00,transition,58.0
924,2020-07-10 18:10:00,transition,70.0
925,2020-07-10 18:15:00,transition,64.0
926,2020-07-10 18:20:00,transition,42.0
927,2020-07-10 18:25:00,transition,9.0
928,2020-07-10 18:30:00,transition,1.0
929,2020-07-10 19:30:00,transition,1.0
930,2020-07-10 19:35:00,night,1.0
931,2020-07-10 19:45:00,night,1.0
932,2020-07-10 19:50:00,night,13.0
933,2020-07-10 19:55:00,night,16.0
934,2020-07-10 20:00:00,night,16.0
935,2020-07-10 20:05:00,night,17.0
936,2020-07-10 20:10:00,night,18.0
937,2020-07-10 20:15:00,night,2.0
938,2020-07-10 20:20:00,night,8.0
939,2020-07-10 20:50:00,night,4.0
940,2020-07-10 20:55:00,night,4.0
941,2020-07-10 21:00:00,night,7.0
942,2020-07-10 21:40:00,night,3.0
943,2020-07-11 04:25:00,transition,2.0
944,2020-07-11 04:30:00,transition,4.0
945,2020-07-11 04:35:00,transition,1.0
946,2020-07-11 04:40:00,transition,3.0
947,2020-07-11 04:45:00,transition,2.0
948,2020-07-11 04:50:00,transition,1.0
949,2020-07-11 05:10:00,day,2.0
950,2020-07-11 05:30:00,day,3.0
951,2020-07-11 05:35:00,day,7.0
952,2020-07-11 05:40:00,day,7.0
953,2020-07-11 05:45:00,day,2.0
954,2020-07-11 05:50:00,day,4.0
955,2020-07-11 05:55:00,day,4.0
956,2020-07-11 06:15:00,day,1.0
957,2020-07-11 06:25:00,day,2.0
958,2020-07-11 06:30:00,day,13.0
959,2020-07-11 06:35:00,day,10.0
960,2020-07-11 06:40:00,day,7.0
961,2020-07-11 07:10:00,day,8.0
962,2020-07-11 07:15:00,day,14.0
963,2020-07-11 07:20:00,day,45.0
964,2020-07-11 07:25:00,day,53.0
965,2020-07-11 07:30:00,day,61.0
966,2020-07-11 07:35:00,day,78.0
967,2020-07-11 07:40:00,day,81.0
968,2020-07-11 07:45:00,day,46.0
969,2020-07-11 07:50:00,day,16.0
970,2020-07-11 08:10:00,day,18.0
971,2020-07-11 08:15:00,day,35.0
972,2020-07-11 08:20:00,day,9.0
973,2020-07-11 08:25:00,day,30.0
974,2020-07-11 08:30:00,day,16.0
975,2020-07-11 08:35:00,day,13.0
976,2020-07-11 08:40:00,day,2.0
977,2020-07-11 09:10:00,day,2.0
978,2020-07-11 09:25:00,day,1.0
979,2020-07-11 09:30:00,day,6.0
980,2020-07-11 09:50:00,day,4.0
981,2020-07-11 11:25:00,day,30.0
982,2020-07-11 11:30:00,day,69.0
983,2020-07-11 11:35:00,day,62.0
984,2020-07-11 11:40:00,day,84.0
985,2020-07-11 11:45:00,day,176.0
986,2020-07-11 11:50:00,day,191.0
987,2020-07-11 11:55:00,day,229.0
988,2020-07-11 12:00:00,day,182.0
989,2020-07-11 12:05:00,day,215.0
990,2020-07-11 12:10:00,day,299.0
991,2020-07-11 12:15:00,day,302.0
992,2020-07-11 12:20:00,day,260.0
993,2020-07-11 12:25:00,day,163.0
994,2020-07-11 12:30:00,day,186.0
995,2020-07-11 12:35:00,day,176.0
996,2020-07-11 12:40:00,day,186.0
997,2020-07-11 12:45:00,day,141.0
998,2020-07-11 12:50:00,day,120.0
999,2020-07-11 12:55:00,day,118.0
1000,2020-07-11 13:00:00,day,192.0
1001,2020-07-11 13:05:00,day,207.0
1002,2020-07-11 13:10:00,day,234.0
1003,2020-07-11 13:15:00,day,211.0
1004,2020-07-11 13:20:00,day,202.0
1005,2020-07-11 13:25:00,day,153.0
1006,2020-07-11 13:30:00,day,250.0
1007,2020-07-11 13:35:00,day,269.0
1008,2020-07-11 13:40:00,day,238.0
1009,2020-07-11 13:45:00,day,203.0
1010,2020-07-11 13:50:00,day,215.0
1011,2020-07-11 13:55:00,day,195.0
1012,2020-07-11 14:00:00,day,199.0
1013,2020-07-11 14:05:00,day,158.0
1014,2020-07-11 14:10:00,day,180.0
1015,2020-07-11 14:15:00,day,163.0
1016,2020-07-11 14:20:00,day,117.0
1017,2020-07-11 14:25:00,day,86.0
1018,2020-07-11 14:30:00,day,42.0
1019,2020-07-11 14:35:00,day,17.0
1020,2020-07-15 14:30:00,day,1.0
1021,2020-07-21 04:30:00,transition,1.0
1022,2020-07-21 12:20:00,day,15.0
1023,2020-07-21 12:25:00,day,24.0
1024,2020-07-21 12:30:00,day,6.0
1025,2020-07-21 12:40:00,day,11.0
1026,2020-07-21 13:05:00,day,1.0
1027,2020-07-21 13:10:00,day,2.0
1028,2020-07-21 13:15:00,day,1.0
1029,2020-07-21 13:20:00,day,22.0
1030,2020-07-21 13:25:00,day,24.0
1031,2020-07-21 13:30:00,day,34.0
1032,2020-07-21 13:35:00,day,7.0
1033,2020-07-21 13:40:00,day,26.0
1034,2020-07-21 13:50:00,day,3.0
1035,2020-07-21 13:55:00,day,47.0
1036,2020-07-21 14:00:00,day,60.0
1037,2020-07-21 14:05:00,day,59.0
1038,2020-07-21 14:10:00,day,64.0
1039,2020-07-21 14:15:00,day,41.0
1040,2020-07-21 14:20:00,day,59.0
1041,2020-07-21 14:25:00,day,53.0
1042,2020-07-21 14:30:00,day,32.0
1043,2020-07-21 14:35:00,day,5.0
1044,2020-07-21 14:40:00,day,19.0
1045,2020-07-21 14:50:00,day,3.0
1046,2020-07-21 14:55:00,day,2.0
1047,2020-07-21 15:00:00,day,16.0
1048,2020-07-21 15:05:00,day,10.0
1049,2020-07-21 15:10:00,day,30.0
1050,2020-07-21 15:15:00,day,6.0
1051,2020-07-21 15:20:00,day,1.0
1052,2020-07-21 15:25:00,day,26.0
1053,2020-07-21 15:30:00,day,60.0
1054,2020-07-21 15:35:00,day,54.0
1055,2020-07-21 15:40:00,day,55.0
1056,2020-07-21 15:45:00,day,57.0
1057,2020-07-21 15:50:00,day,9.0
1058,2020-07-21 15:55:00,day,2.0
1059,2020-07-21 16:00:00,day,16.0
1060,2020-07-21 16:05:00,day,22.0
1061,2020-07-21 16:10:00,day,13.0
1062,2020-07-21 16:15:00,day,3.0
1063,2020-07-21 16:40:00,day,2.0
1064,2020-07-21 16:45:00,day,1.0
1065,2020-07-21 16:50:00,day,24.0
1066,2020-07-21 16:55:00,day,35.0
1067,2020-07-21 17:00:00,day,6.0
1068,2020-07-21 17:05:00,day,13.0
1069,2020-07-21 17:10:00,day,43.0
1070,2020-07-21 17:15:00,day,27.0
1071,2020-07-21 17:20:00,day,14.0
1072,2020-07-21 17:25:00,day,17.0
1073,2020-07-21 17:30:00,day,21.0
1074,2020-07-21 17:35:00,day,31.0
1075,2020-07-21 17:40:00,day,6.0
1076,2020-07-21 17:45:00,day,2.0
1077,2020-07-21 17:50:00,transition,28.0
1078,2020-07-21 17:55:00,transition,38.0
1079,2020-07-21 18:00:00,transition,41.0
1080,2020-07-21 18:05:00,transition,25.0
1081,2020-07-21 18:10:00,transition,26.0
1082,2020-07-21 18:15:00,transition,35.0
1083,2020-07-21 18:20:00,transition,19.0
1084,2020-07-21 18:25:00,transition,40.0
1085,2020-07-21 18:30:00,transition,62.0
1086,2020-07-21 18:35:00,transition,66.0
1087,2020-07-21 18:40:00,transition,52.0
1088,2020-07-21 18:45:00,transition,53.0
1089,2020-07-21 18:50:00,transition,47.0
1090,2020-07-21 18:55:00,transition,53.0
1091,2020-07-21 19:00:00,transition,67.0
1092,2020-07-21 19:05:00,transition,46.0
1093,2020-07-21 19:10:00,transition,22.0
1094,2020-07-21 19:15:00,transition,32.0
1095,2020-07-21 19:20:00,transition,53.0
1096,2020-07-21 19:25:00,transition,55.0
1097,2020-07-21 19:30:00,night,65.0
1098,2020-07-21 19:35:00,night,67.0
1099,2020-07-21 19:40:00,night,52.0
1100,2020-07-21 19:45:00,night,45.0
1101,2020-07-21 19:50:00,night,15.0
1102,2020-07-21 19:55:00,night,30.0
1103,2020-07-21 20:00:00,night,29.0
1104,2020-07-21 20:05:00,night,11.0
1105,2020-07-21 20:10:00,night,12.0
1106,2020-07-21 20:15:00,night,6.0
1107,2020-07-21 20:20:00,night,35.0
1108,2020-07-21 20:25:00,night,17.0
1109,2020-07-21 20:30:00,night,3.0
1110,2020-07-21 20:35:00,night,2.0
1111,2020-07-21 20:40:00,night,17.0
1112,2020-07-21 20:45:00,night,38.0
1113,2020-07-21 20:50:00,night,1.0
1114,2020-07-21 20:55:00,night,15.0
1115,2020-07-21 21:00:00,night,25.0
1116,2020-07-21 21:05:00,night,71.0
1117,2020-07-21 21:10:00,night,68.0
1118,2020-07-21 21:15:00,night,33.0
1119,2020-07-21 21:20:00,night,46.0
1120,2020-07-21 21:25:00,night,26.0
1121,2020-07-21 21:30:00,night,39.0
1122,2020-07-21 21:35:00,night,29.0
1123,2020-07-21 21:40:00,night,7.0
1124,2020-07-21 21:45:00,night,8.0
1125,2020-07-21 21:50:00,night,1.0
1126,2020-07-21 22:10:00,night,3.0
1127,2020-07-21 22:15:00,night,41.0
1128,2020-07-21 22:30:00,night,57.0
1129,2020-07-21 22:35:00,night,26.0
1130,2020-07-21 22:45:00,night,31.0
1131,2020-07-21 22:50:00,night,52.0
1132,2020-07-21 22:55:00,night,21.0
1133,2020-07-21 23:00:00,night,54.0
1134,2020-07-21 23:05:00,night,113.0
1135,2020-07-21 23:10:00,night,102.0
1136,2020-07-21 23:15:00,night,125.0
1137,2020-07-21 23:20:00,night,171.0
1138,2020-07-21 23:25:00,night,134.0
1139,2020-07-21 23:30:00,night,45.0
1140,2020-07-21 23:35:00,night,54.0
1141,2020-07-21 23:40:00,night,31.0
1142,2020-07-21 23:45:00,night,15.0
1143,2020-07-22 00:05:00,night,1.0
1144,2020-07-22 00:15:00,night,1.0
1145,2020-07-22 00:20:00,night,4.0
1146,2020-07-22 00:30:00,night,1.0
1147,2020-07-22 00:35:00,night,4.0
1148,2020-07-22 00:40:00,night,4.0
1149,2020-07-22 00:45:00,night,3.0
1150,2020-07-22 00:50:00,night,7.0
1151,2020-07-22 00:55:00,night,11.0
1152,2020-07-22 01:00:00,night,7.0
1153,2020-07-22 01:05:00,night,32.0
1154,2020-07-22 01:10:00,night,20.0
1155,2020-07-22 01:15:00,night,1.0
1156,2020-07-22 03:00:00,night,2.0
1157,2020-07-22 07:00:00,day,1.0
1158,2020-07-22 13:00:00,day,4.0
1159,2020-07-22 13:20:00,day,8.0
1160,2020-07-22 13:25:00,day,4.0
1161,2020-07-22 13:35:00,day,1.0
1162,2020-07-22 13:40:00,day,5.0
1163,2020-07-22 13:55:00,day,4.0
1164,2020-07-22 14:05:00,day,17.0
1165,2020-07-22 14:20:00,day,32.0
1166,2020-07-22 14:25:00,day,15.0
1167,2020-07-22 14:30:00,day,17.0
1168,2020-07-22 14:35:00,day,43.0
1169,2020-07-22 14:40:00,day,17.0
1170,2020-07-22 14:45:00,day,7.0
1171,2020-07-22 14:55:00,day,26.0
1172,2020-07-22 15:05:00,day,13.0
1173,2020-07-22 15:10:00,day,7.0
1174,2020-07-22 15:20:00,day,20.0
1175,2020-07-22 15:25:00,day,3.0
1176,2020-07-22 15:30:00,day,7.0
1177,2020-07-22 15:35:00,day,5.0
1178,2020-07-22 15:50:00,day,1.0
1179,2020-07-22 15:55:00,day,7.0
1180,2020-07-22 16:00:00,day,14.0
1181,2020-07-22 16:05:00,day,20.0
1182,2020-07-22 16:10:00,day,12.0
1183,2020-07-22 16:15:00,day,21.0
1184,2020-07-22 16:20:00,day,29.0
1185,2020-07-22 16:25:00,day,62.0
1186,2020-07-22 16:30:00,day,97.0
1187,2020-07-22 16:35:00,day,134.0
1188,2020-07-22 16:40:00,day,87.0
1189,2020-07-22 16:45:00,day,62.0
1190,2020-07-22 16:50:00,day,12.0
1191,2020-07-22 17:00:00,day,1.0
1192,2020-07-22 17:05:00,day,6.0
1193,2020-07-22 17:10:00,day,3.0
1194,2020-07-22 17:15:00,day,4.0
1195,2020-07-22 17:20:00,day,3.0
1196,2020-07-22 17:25:00,day,1.0
1197,2020-07-22 17:30:00,day,36.0
1198,2020-07-22 17:35:00,day,39.0
1199,2020-07-22 17:40:00,day,19.0
1200,2020-07-22 17:45:00,day,36.0
1201,2020-07-22 17:50:00,transition,50.0
1202,2020-07-22 17:55:00,transition,31.0
1203,2020-07-22 18:00:00,transition,44.0
1204,2020-07-22 18:05:00,transition,58.0
1205,2020-07-22 18:10:00,transition,59.0
1206,2020-07-22 18:15:00,transition,74.0
1207,2020-07-22 18:20:00,transition,52.0
1208,2020-07-22 18:25:00,transition,33.0
1209,2020-07-22 18:30:00,transition,86.0
1210,2020-07-22 18:35:00,transition,57.0
1211,2020-07-22 18:40:00,transition,31.0
1212,2020-07-22 18:45:00,transition,4.0
1213,2020-07-22 18:50:00,transition,10.0
1214,2020-07-22 19:10:00,transition,4.0
1215,2020-07-22 19:15:00,transition,14.0
1216,2020-07-22 19:20:00,transition,7.0
1217,2020-07-22 19:30:00,night,17.0
1218,2020-07-22 19:35:00,night,51.0
1219,2020-07-22 19:40:00,night,40.0
1220,2020-07-22 19:45:00,night,17.0
1221,2020-07-22 19:50:00,night,37.0
1222,2020-07-22 19:55:00,night,20.0
1223,2020-07-22 20:00:00,night,7.0
1224,2020-07-22 20:05:00,night,4.0
1225,2020-07-22 20:10:00,night,28.0
1226,2020-07-22 20:15:00,night,3.0
1227,2020-07-22 20:20:00,night,2.0
1228,2020-07-22 20:25:00,night,7.0
1229,2020-07-22 20:35:00,night,1.0
1230,2020-07-22 20:40:00,night,5.0
1231,2020-07-22 21:10:00,night,15.0
1232,2020-07-22 21:15:00,night,12.0
1233,2020-07-22 22:00:00,night,1.0
1234,2020-07-23 01:15:00,night,1.0
1235,2020-07-23 13:25:00,day,4.0
1236,2020-07-23 13:30:00,day,6.0
1237,2020-07-23 13:55:00,day,8.0
1238,2020-07-23 14:00:00,day,3.0
1239,2020-07-23 14:05:00,day,16.0
1240,2020-07-23 14:10:00,day,14.0
1241,2020-07-23 14:15:00,day,7.0
1242,2020-07-23 14:25:00,day,4.0
1243,2020-07-23 14:30:00,day,8.0
1244,2020-07-23 17:00:00,day,7.0
1245,2020-07-23 17:05:00,day,8.0
1246,2020-07-23 17:30:00,day,1.0
1247,2020-07-23 17:55:00,transition,6.0
1248,2020-07-23 18:35:00,transition,1.0
1249,2020-07-23 18:45:00,transition,22.0
1250,2020-07-23 18:50:00,transition,1.0
1251,2020-07-23 18:55:00,transition,12.0
1252,2020-07-23 19:00:00,transition,3.0
1253,2020-07-23 19:15:00,transition,1.0
1254,2020-07-23 19:20:00,transition,5.0
1255,2020-07-23 19:25:00,night,5.0
1256,2020-07-23 19:30:00,night,7.0
1257,2020-07-23 19:35:00,night,8.0
1258,2020-07-23 19:40:00,night,55.0
1259,2020-07-23 19:45:00,night,49.0
1260,2020-07-23 19:50:00,night,74.0
1261,2020-07-23 19:55:00,night,84.0
1262,2020-07-23 20:00:00,night,100.0
1263,2020-07-23 20:05:00,night,27.0
1264,2020-07-23 20:10:00,night,36.0
1265,2020-07-23 20:15:00,night,53.0
1266,2020-07-23 20:20:00,night,57.0
1267,2020-07-23 20:25:00,night,36.0
1268,2020-07-23 20:30:00,night,30.0
1269,2020-07-23 20:35:00,night,37.0
1270,2020-07-23 20:40:00,night,60.0
1271,2020-07-23 20:45:00,night,44.0
1272,2020-07-23 20:50:00,night,27.0
1273,2020-07-23 20:55:00,night,5.0
1274,2020-07-23 21:10:00,night,14.0
1275,2020-07-23 21:15:00,night,8.0
1276,2020-07-23 21:20:00,night,8.0
1277,2020-07-23 21:25:00,night,20.0
1278,2020-07-23 21:30:00,night,31.0
1279,2020-07-23 21:35:00,night,34.0
1280,2020-07-23 21:45:00,night,2.0
1281,2020-07-23 21:50:00,night,13.0
1282,2020-07-23 21:55:00,night,1.0
1283,2020-07-23 22:05:00,night,9.0
1284,2020-07-23 22:10:00,night,8.0
1285,2020-07-23 22:15:00,night,6.0
1286,2020-07-23 22:20:00,night,7.0
1287,2020-07-23 22:25:00,night,1.0
1288,2020-07-23 22:30:00,night,4.0
1289,2020-07-23 22:40:00,night,1.0
1290,2020-07-23 23:15:00,night,5.0
1291,2020-07-23 23:20:00,night,4.0
1292,2020-07-23 23:30:00,night,2.0
1293,2020-07-24 00:55:00,night,4.0
1294,2020-07-24 01:30:00,night,3.0
1295,2020-07-24 01:35:00,night,20.0
1296,2020-07-24 01:40:00,night,25.0
1297,2020-07-24 01:45:00,night,53.0
1298,2020-07-24 01:50:00,night,102.0
1299,2020-07-24 01:55:00,night,91.0
1300,2020-07-24 02:00:00,night,152.0
1301,2020-07-24 02:05:00,night,141.0
1302,2020-07-24 02:10:00,night,122.0
1303,2020-07-24 02:15:00,night,163.0
1304,2020-07-24 02:20:00,night,261.0
1305,2020-07-24 02:25:00,night,213.0
1306,2020-07-24 02:30:00,night,196.0
1307,2020-07-24 02:35:00,night,173.0
1308,2020-07-24 02:40:00,night,164.0
1309,2020-07-24 02:45:00,night,192.0
1310,2020-07-24 02:50:00,night,196.0
1311,2020-07-24 02:55:00,night,289.0
1312,2020-07-24 03:00:00,night,296.0
1313,2020-07-24 03:05:00,night,273.0
1314,2020-07-24 03:10:00,night,259.0
1315,2020-07-24 03:15:00,night,316.0
1316,2020-07-24 03:20:00,night,302.0
1317,2020-07-24 03:25:00,night,345.0
1318,2020-07-24 03:30:00,night,293.0
1319,2020-07-24 03:35:00,night,342.0
1320,2020-07-24 03:40:00,night,387.0
1321,2020-07-24 03:45:00,night,362.0
1322,2020-07-24 03:50:00,night,346.0
1323,2020-07-24 03:55:00,transition,401.0
1324,2020-07-24 04:00:00,transition,359.0
1325,2020-07-24 04:05:00,transition,316.0
1326,2020-07-24 04:10:00,transition,299.0
1327,2020-07-24 04:15:00,transition,181.0
1328,2020-07-24 04:20:00,transition,77.0
1329,2020-07-24 04:25:00,transition,56.0
1330,2020-07-24 04:30:00,transition,16.0
1331,2020-07-24 04:35:00,transition,10.0
1332,2020-07-24 04:40:00,transition,27.0
1333,2020-07-24 04:45:00,transition,30.0
1334,2020-07-24 04:50:00,transition,86.0
1335,2020-07-24 04:55:00,transition,109.0
1336,2020-07-24 05:00:00,transition,101.0
1337,2020-07-24 05:05:00,transition,86.0
1338,2020-07-24 05:10:00,transition,82.0
1339,2020-07-24 05:15:00,transition,64.0
1340,2020-07-24 05:20:00,transition,27.0
1341,2020-07-24 05:25:00,day,4.0
1342,2020-07-24 05:35:00,day,16.0
1343,2020-07-24 05:40:00,day,28.0
1344,2020-07-24 05:45:00,day,19.0
1345,2020-07-24 05:50:00,day,2.0
1346,2020-07-24 06:00:00,day,6.0
1347,2020-07-24 06:05:00,day,2.0
1348,2020-07-24 06:10:00,day,11.0
1349,2020-07-24 06:15:00,day,22.0
1350,2020-07-24 13:55:00,day,1.0
1351,2020-07-24 14:00:00,day,2.0
1352,2020-07-28 12:50:00,day,1.0
1353,2020-07-28 13:00:00,day,21.0
1354,2020-07-28 13:05:00,day,21.0
1355,2020-07-28 13:15:00,day,7.0
1356,2020-07-28 13:20:00,day,25.0
1357,2020-07-28 13:25:00,day,44.0
1358,2020-07-28 13:30:00,day,43.0
1359,2020-07-28 13:35:00,day,49.0
1360,2020-07-28 13:40:00,day,54.0
1361,2020-07-28 13:45:00,day,13.0
1362,2020-07-28 13:50:00,day,7.0
1363,2020-07-28 13:55:00,day,1.0
1364,2020-07-28 14:00:00,day,11.0
1365,2020-07-28 14:05:00,day,8.0
1366,2020-07-28 14:10:00,day,10.0
1367,2020-07-28 14:15:00,day,26.0
1368,2020-07-28 14:20:00,day,17.0
1369,2020-07-28 14:25:00,day,46.0
1370,2020-07-28 14:30:00,day,18.0
1371,2020-07-28 14:35:00,day,57.0
1372,2020-07-28 14:40:00,day,125.0
1373,2020-07-28 14:45:00,day,97.0
1374,2020-07-28 14:50:00,day,34.0
1375,2020-07-28 14:55:00,day,21.0
1376,2020-07-28 15:00:00,day,7.0
1377,2020-07-28 15:05:00,day,6.0
1378,2020-07-28 15:15:00,day,29.0
1379,2020-07-28 15:20:00,day,52.0
1380,2020-07-28 15:25:00,day,21.0
1381,2020-07-28 15:30:00,day,6.0
1382,2020-07-28 15:35:00,day,11.0
1383,2020-07-28 15:40:00,day,28.0
1384,2020-07-28 15:45:00,day,1.0
1385,2020-07-28 15:50:00,day,5.0
1386,2020-07-28 15:55:00,day,50.0
1387,2020-07-28 16:00:00,day,34.0
1388,2020-07-28 16:05:00,day,23.0
1389,2020-07-28 16:10:00,day,108.0
1390,2020-07-28 16:15:00,day,104.0
1391,2020-07-28 16:20:00,day,123.0
1392,2020-07-28 16:25:00,day,76.0
1393,2020-07-28 16:30:00,day,51.0
1394,2020-07-28 16:35:00,day,57.0
1395,2020-07-28 16:40:00,day,24.0
1396,2020-07-28 16:45:00,day,33.0
1397,2020-07-28 16:50:00,day,33.0
1398,2020-07-28 16:55:00,day,104.0
1399,2020-07-28 17:00:00,day,135.0
1400,2020-07-28 17:05:00,day,184.0
1401,2020-07-28 17:10:00,day,144.0
1402,2020-07-28 17:15:00,day,105.0
1403,2020-07-28 17:20:00,day,147.0
1404,2020-07-28 17:25:00,day,153.0
1405,2020-07-28 17:30:00,day,86.0
1406,2020-07-28 17:35:00,day,44.0
1407,2020-07-28 17:40:00,day,22.0
1408,2020-07-28 17:45:00,transition,15.0
1409,2020-07-28 17:50:00,transition,22.0
1410,2020-07-28 17:55:00,transition,2.0
1411,2020-07-28 18:05:00,transition,3.0
1412,2020-07-28 18:10:00,transition,2.0
1413,2020-07-28 18:15:00,transition,2.0
1414,2020-07-28 18:20:00,transition,8.0
1415,2020-07-28 18:25:00,transition,21.0
1416,2020-07-28 18:30:00,transition,1.0
1417,2020-07-28 18:35:00,transition,4.0
1418,2020-07-28 18:40:00,transition,3.0
1419,2020-07-28 18:55:00,transition,1.0
1420,2020-07-28 19:00:00,transition,28.0
1421,2020-07-28 19:05:00,transition,63.0
1422,2020-07-28 19:10:00,transition,20.0
1423,2020-07-28 19:20:00,night,5.0
1424,2020-07-28 19:25:00,night,13.0
1425,2020-07-28 19:30:00,night,53.0
1426,2020-07-28 19:35:00,night,73.0
1427,2020-07-28 19:40:00,night,52.0
1428,2020-07-28 19:45:00,night,15.0
1429,2020-07-28 19:50:00,night,27.0
1430,2020-07-28 19:55:00,night,30.0
1431,2020-07-28 20:00:00,night,17.0
1432,2020-07-28 20:45:00,night,6.0
1433,2020-07-28 20:50:00,night,7.0
1434,2020-07-28 21:05:00,night,9.0
1435,2020-07-28 21:10:00,night,39.0
1436,2020-07-28 21:15:00,night,59.0
1437,2020-07-28 21:20:00,night,43.0
1438,2020-07-28 21:25:00,night,42.0
1439,2020-07-28 21:30:00,night,52.0
1440,2020-07-28 21:35:00,night,27.0
1441,2020-07-28 21:40:00,night,17.0
1442,2020-07-28 22:15:00,night,1.0
1443,2020-07-28 22:25:00,night,12.0
1444,2020-07-28 22:30:00,night,1.0
1445,2020-07-29 19:25:00,night,1.0
1446,2020-07-29 19:45:00,night,2.0
1447,2020-07-30 12:30:00,day,2.0
1448,2020-07-30 12:40:00,day,10.0
1449,2020-07-30 13:05:00,day,1.0
1450,2020-07-30 13:15:00,day,5.0
1451,2020-07-30 13:20:00,day,30.0
1452,2020-07-30 13:25:00,day,29.0
1453,2020-07-30 13:30:00,day,25.0
1454,2020-07-30 13:35:00,day,36.0
1455,2020-07-30 13:40:00,day,33.0
1456,2020-07-30 13:45:00,day,22.0
1457,2020-07-30 13:50:00,day,40.0
1458,2020-07-30 13:55:00,day,33.0
1459,2020-07-30 14:00:00,day,39.0
1460,2020-07-30 14:05:00,day,60.0
1461,2020-07-30 14:10:00,day,27.0
1462,2020-07-30 14:15:00,day,44.0
1463,2020-07-30 14:20:00,day,64.0
1464,2020-07-30 14:25:00,day,38.0
1465,2020-07-30 14:30:00,day,50.0
1466,2020-07-30 14:35:00,day,9.0
1467,2020-07-30 14:40:00,day,23.0
1468,2020-07-30 14:45:00,day,37.0
1469,2020-07-30 14:50:00,day,56.0
1470,2020-07-30 14:55:00,day,84.0
1471,2020-07-30 15:00:00,day,134.0
1472,2020-07-30 15:05:00,day,144.0
1473,2020-07-30 15:10:00,day,136.0
1474,2020-07-30 15:15:00,day,98.0
1475,2020-07-30 15:20:00,day,115.0
1476,2020-07-30 15:25:00,day,178.0
1477,2020-07-30 15:30:00,day,247.0
1478,2020-07-30 15:35:00,day,231.0
1479,2020-07-30 15:40:00,day,111.0
1480,2020-07-30 15:45:00,day,122.0
1481,2020-07-30 15:50:00,day,110.0
1482,2020-07-30 15:55:00,day,65.0
1483,2020-07-30 16:00:00,day,108.0
1484,2020-07-30 16:05:00,day,129.0
1485,2020-07-30 16:10:00,day,97.0
1486,2020-07-30 16:15:00,day,82.0
1487,2020-07-30 16:20:00,day,83.0
1488,2020-07-30 16:25:00,day,135.0
1489,2020-07-30 16:30:00,day,136.0
1490,2020-07-30 16:35:00,day,143.0
1491,2020-07-30 16:40:00,day,110.0
1492,2020-07-30 16:45:00,day,93.0
1493,2020-07-30 16:50:00,day,54.0
1494,2020-07-30 16:55:00,day,98.0
1495,2020-07-30 17:00:00,day,88.0
1496,2020-07-30 17:05:00,day,80.0
1497,2020-07-30 17:10:00,day,52.0
1498,2020-07-30 17:15:00,day,31.0
1499,2020-07-30 17:20:00,day,13.0
1500,2020-07-30 17:25:00,day,3.0
1501,2020-07-30 17:30:00,day,10.0
1502,2020-07-30 17:35:00,day,10.0
1503,2020-07-30 17:40:00,day,2.0
1504,2020-07-30 17:45:00,transition,37.0
1505,2020-07-30 17:50:00,transition,36.0
1506,2020-07-30 17:55:00,transition,1.0
1507,2020-07-30 18:00:00,transition,57.0
1508,2020-07-30 18:05:00,transition,56.0
1509,2020-07-30 18:10:00,transition,54.0
1510,2020-07-30 18:15:00,transition,20.0
1511,2020-07-30 18:20:00,transition,9.0
1512,2020-07-30 18:25:00,transition,11.0
1513,2020-07-30 18:30:00,transition,23.0
1514,2020-07-30 18:35:00,transition,21.0
1515,2020-07-30 18:40:00,transition,44.0
1516,2020-07-30 18:45:00,transition,20.0
1517,2020-07-30 18:50:00,transition,13.0
1518,2020-07-30 18:55:00,transition,24.0
1519,2020-07-30 19:00:00,transition,27.0
1520,2020-07-30 19:05:00,transition,31.0
1521,2020-07-30 19:10:00,transition,30.0
1522,2020-07-30 19:15:00,night,20.0
1523,2020-07-30 19:20:00,night,4.0
1524,2020-07-30 19:25:00,night,11.0
1525,2020-07-30 19:30:00,night,17.0
1526,2020-07-30 19:35:00,night,4.0
1527,2020-07-30 19:40:00,night,7.0
1528,2020-07-30 19:45:00,night,6.0
1529,2020-07-30 19:55:00,night,4.0
1530,2020-07-30 20:00:00,night,9.0
1531,2020-07-30 20:05:00,night,5.0
1532,2020-07-30 20:30:00,night,3.0
1533,2020-07-30 20:35:00,night,33.0
1534,2020-07-30 20:40:00,night,15.0
1535,2020-07-30 20:45:00,night,7.0
1536,2020-07-30 20:50:00,night,3.0
1537,2020-07-31 12:50:00,day,2.0
1538,2020-07-31 14:25:00,day,2.0
1539,2020-07-31 15:10:00,day,11.0
1540,2020-07-31 15:15:00,day,24.0
1541,2020-07-31 15:20:00,day,6.0
1542,2020-07-31 15:30:00,day,2.0
1543,2020-07-31 15:35:00,day,3.0
1544,2020-07-31 16:35:00,day,1.0
1545,2020-07-31 16:40:00,day,10.0
1546,2020-07-31 16:45:00,day,8.0
1547,2020-07-31 17:15:00,day,12.0
1548,2020-07-31 17:20:00,day,36.0
1549,2020-07-31 17:25:00,day,10.0
1550,2020-07-31 17:30:00,day,9.0
1551,2020-07-31 17:45:00,transition,8.0
1552,2020-07-31 17:50:00,transition,2.0
1553,2020-07-31 17:55:00,transition,1.0
